女士们先生们，尊敬的同行们，请允许我花一些时间提名我的尊敬同事获得这个崇高的奖项。他们出众的品质和对职业的坚定执着使他们成为当之无愧的获奖者。,"Ladies and gentlemen, esteemed colleagues, allow me to take a moment to nominate my esteemed colleague for this prestigious award. Their exceptional qualities and unwavering commitment to their profession make them a truly deserving recipient."
首先，我必须强调他们卓越的同理心和同情心。我见证了无数次他们展示出与客户在深层情感上建立联系的无与伦比能力。他们真正的理解和不带偏见的方法为个人提供了一个安全和培育的环境，以探索他们内心最深的想法和感受。,"First and foremost, I must highlight their remarkable empathy and compassion. I have witnessed countless instances where they have displayed an unparalleled ability to connect with their clients on a deep emotional level. Their genuine understanding and nonjudgmental approach create a safe and nurturing environment for individuals to explore their innermost thoughts and feelings."
此外，他们在心理学领域的专业知识和专长也是非常出色的。他们投入了无数个小时进行持续学习和职业发展，始终紧跟最新的研究和治疗技术。他们致力于提供基于证据的干预，确保他们的客户获得最高水平的关怀。,"Furthermore, their expertise and knowledge in the field of psychology are truly outstanding. They have dedicated countless hours to continuous learning and professional development, always staying abreast of the latest research and therapeutic techniques. Their commitment to providing evidence-based interventions ensures that their clients receive the highest standard of care."
然而，真正使我的同事与众不同的是一件特别的事件，这件事件给我留下了深刻的印象，使我决定提名他们获得这个奖项。这是一个涉及一名经历了严重创伤的年轻青少年的复杂案例。尽管情况复杂而敏感，我的同事展现了非凡的技能和坚定的奉献精神。,"However, what truly sets my colleague apart is a particular incident that left an indelible mark on me and solidified my decision to nominate them for this award. It was a challenging case involving a young teenager who had experienced severe trauma. Despite the complexity and sensitivity of the situation, my colleague exhibited exceptional skill and unwavering dedication."
他们超越了职责范围，投入了大量的时间和精力，真正理解青少年经历和潜在的心理创伤的复杂性。通过他们卓越的洞察力和治疗专长，他们成功地引导青少年走向疗愈和自我赋能。,"They went above and beyond the call of duty, investing significant time and effort to truly understand the intricacies of the teenager's experiences and the underlying psychological wounds. Through their remarkable insight and therapeutic expertise, they were able to guide the teenager towards healing and empowerment."
我清晰地记得其中一个治疗过程中的突破时刻。这名青少年一直在努力建立信任和敞开心扉，心怀深深的恐惧和不安全感。察觉到需要不同的方法，我的同事在治疗中引入了艺术疗法，让青少年以非语言和创造性的方式表达情感。,"I vividly remember a breakthrough moment during one of their sessions. The teenager had been struggling to trust and open up, harboring deep-seated fears and insecurities. Sensing the need for a different approach, my colleague incorporated art therapy into their sessions, allowing the teenager to express their emotions in a nonverbal and creative way."
随之而来的变化令人叹为观止。通过艺术的力量，这名青少年找到了他们从未意识到的声音。他们开始通过艺术作品传达自己的痛苦、希望和愿望，逐渐揭开创伤的层层面纱，并找到疗愈的力量。,"The transformation that followed was awe-inspiring. Through the power of art, the teenager found a voice they never knew they had. They began to communicate their pain, hopes, and aspirations through their artwork, gradually unraveling the layers of trauma and finding the strength to heal."
我的同事坚定的奉献、创新的方法和对青少年生活的深远影响给我留下了深刻的印象。这是对他们卓越技能和治疗工作转变力量的证明。,"My colleague's unwavering dedication, innovative approach, and profound impact on the teenager's life left an indelible impression on me. It was a testament to their exceptional skills and the transformative power of their therapeutic work."
"总之，我的同事体现了优秀心理学家的品质。他们的同理心、专业知识和对客户生活的深远影响使他们成为这个崇高奖项的理想候选人。我全心全意地推荐他们作为获奖者，并对他们在心理学领域的贡献充满信心，相信他们将继续激励和提升他们```javascript
const txt = [
  ""女士们先生们，尊敬的同行们，请允许我花一些时间提名我的尊敬同事获得这个崇高的奖项。他们出众的品质和对职业的坚定执着使他们成为当之无愧的获奖者。","In conclusion, my colleague embodies the qualities of an outstanding psychologist. Their empathy, expertise, and the profound impact they have on their clients' lives make them an ideal candidate for this esteemed award. I wholeheartedly recommend them as a recipient, confident that their contributions to the field of psychology will continue to inspire and uplift those they serve."
,
,
,
,
,
,
,
,
,
,
,
,
,
,
"总之，我的同事体现了优秀心理学家的品质。他们的同理心、专业知识和对客户生活的深远影响使他们成为这个崇高奖项的理想候选人。我全心全意地推荐他们作为获奖者，并对他们在心理学领域的贡献充满信心，相信他们将继续激励和提升他们
",
